,SourceName,TargetName,Weight,SourceID,TargetID,diceSim
1,P048492_TRE_tRNA_Pro.ab1,76_Round_2_control_G12_TRE_tRNA_Pro_F.ab1,1,0,189,0
2,P048615_TRE_tRNA_Pro.ab1,50_Round_2_control_C12_TRE_tRNA_Pro_F.ab1,4,109,242,0.571428571
3,P057413_TRE_tRNA_Pro.ab1,P048492_TRE_tRNA_Pro.ab1,1,1,0,0
4,TRA11_A2_round1control_B6_TRE_tRNA_Pro_F.ab1,P057413_TRE_tRNA_Pro.ab1,7,24,1,0
5,TRA11_A2_round1control_B6_TRE_tRNA_Pro_F.ab1,TRA3_I2_round1control_C2_TRE_tRNA_Pro_F.ab1,1,24,111,0
6,TRA11_A2_round1control_B6_TRE_tRNA_Pro_F.ab1,TRA7_G10_round1control_G3_TRE_tRNA_Pro_F.ab1,4,24,244,0
7,TRA11_A2_round1control_B6_TRE_tRNA_Pro_F.ab1,TRA8_E1_round1control_G4_TRE_tRNA_Pro_F.ab1,10,24,11,0
8,TRA11_A5_round1control_E6_TRE_tRNA_Pro_F.ab1,TRA3_C10_round1control_H1_TRE_tRNA_Pro_F.ab1,11,175,241,0
9,TRA11_A7_round1control_G6_TRE_tRNA_Pro_F.ab1,TRA7_A8_Round_3_control_A3_TRE_tRNA_Pro_F.ab1,5,137,7,0.333333333
10,TRA11_A7_round1control_G6_TRE_tRNA_Pro_F.ab1,TRA9_A8_round1control_H5_TRE_tRNA_Pro_F.ab1,5,137,61,0.5
11,TRA11_A8_round1control_H6_TRE_tRNA_Pro_F.ab1,81_Round_2_control_H12_TRE_tRNA_Pro_F.ab1,8,25,260,0.166666667
12,TRA11_A8_round1control_H6_TRE_tRNA_Pro_F.ab1,TRA7_A1_round1control_A3_TRE_tRNA_Pro_F.ab1,9,25,182,0
13,TRA11_A8_round1control_H6_TRE_tRNA_Pro_F.ab1,TRA7_A7_Round_2_control_A3_TRE_tRNA_Pro_F.ab1,1,25,185,0
14,TRA11_A8_round1control_H6_TRE_tRNA_Pro_F.ab1,TRA8_C7_round1control_C4_TRE_tRNA_Pro_F.ab1,10,25,9,0.153846154
15,TRA11_A8_round1control_H6_TRE_tRNA_Pro_F.ab1,TRA8_E9_Round_2_control_H3_TRE_tRNA_Pro_F.ab1,14,25,174,0.111111111
16,TRA11_A8_round1control_H6_TRE_tRNA_Pro_F.ab1,TRA9_A3_round1control_C5_TRE_tRNA_Pro_F.ab1,10,25,18,0.133333333
17,TRA11_A8_round1control_H6_TRE_tRNA_Pro_F.ab1,TRA9_A6_round1control_F5_TRE_tRNA_Pro_F.ab1,9,25,156,0.25
18,TRA11_A9_Round_2_control_D6_TRE_tRNA_Pro_F.ab1,P051980_TRE_tRNA_Pro.ab1,1,26,191,0
19,TRA11_C1_Round_2_control_F6_TRE_tRNA_Pro_F.ab1,TRA2_A1_Round_3_control_A1_TRE_tRNA_Pro_F.ab1,5,138,146,0
20,TRA11_C10_Round_3_control_E5_TRE_tRNA_Pro_F.ab1,P046476_TRE_tRNA_Pro.ab1,2,65,214,0.666666667
21,TRA11_C10_Round_3_control_E5_TRE_tRNA_Pro_F.ab1,TRA3_E6_Round_3_control_B2_TRE_tRNA_Pro_F.ab1,3,65,4,0.125
22,TRA11_C3_Round_2_control_G6_TRE_tRNA_Pro_F.ab1,TRA8_I8_Round_3_control_F4_TRE_tRNA_Pro_F.ab1,1,27,17,0
23,TRA11_C6_Round_2_control_B7_TRE_tRNA_Pro_F.ab1,P046469_TRE_tRNA_Pro.ab1,2,64,217,0.666666667
24,TRA11_C6_Round_2_control_B7_TRE_tRNA_Pro_F.ab1,TRA3_E6_Round_3_control_B2_TRE_tRNA_Pro_F.ab1,2,64,4,0.307692308
25,TRA11_C6_Round_2_control_B7_TRE_tRNA_Pro_F.ab1,TRA8_A6_Round_3_control_F3_TRE_tRNA_Pro_F.ab1,2,64,58,0.666666667
26,TRA11_C7_Round_2_control_C7_TRE_tRNA_Pro_F.ab1,TRA7_A1_round1control_A3_TRE_tRNA_Pro_F.ab1,9,167,182,0
27,TRA11_C8_Round_2_control_D7_TRE_tRNA_Pro_F.ab1,TRA3_I2_round1control_C2_TRE_tRNA_Pro_F.ab1,13,183,111,0.222222222
28,TRA11_C8_Round_2_control_D7_TRE_tRNA_Pro_F.ab1,TRA8_E5_Round_2_control_F3_TRE_tRNA_Pro_F.ab1,13,183,178,0.363636364
29,TRA11_C9_Round_2_control_E7_TRE_tRNA_Pro_F.ab1,P046476_TRE_tRNA_Pro.ab1,3,94,214,0
30,TRA11_E3_Round_3_control_H5_TRE_tRNA_Pro_F.ab1,TRA3_E6_Round_3_control_B2_TRE_tRNA_Pro_F.ab1,5,139,4,0
31,TRA12_E10_TRE_tRNA_Pro.ab1,TRA3_I3_round1control_D2_TRE_tRNA_Pro_F.ab1,5,140,162,0
32,TRA12_E10_TRE_tRNA_Pro.ab1,TRA9_A6_round1control_F5_TRE_tRNA_Pro_F.ab1,8,140,156,0
33,TRA12_E5_TRE_tRNA_Pro.ab1,50_Round_2_control_C12_TRE_tRNA_Pro_F.ab1,5,66,242,0.5
34,TRA12_E5_TRE_tRNA_Pro.ab1,P048615_TRE_tRNA_Pro.ab1,5,66,109,0.571428571
35,TRA12_E5_TRE_tRNA_Pro.ab1,TRA11_A2_round1control_B6_TRE_tRNA_Pro_F.ab1,9,66,24,0
36,TRA12_E5_TRE_tRNA_Pro.ab1,TRA8_E3_Round_2_control_D3_TRE_tRNA_Pro_F.ab1,2,66,135,0.571428571
37,TRA12_E6_TRE_tRNA_Pro.ab1,TRA2_G2_TRE_tRNA_Pro.ab1,4,67,3,0.105263158
38,TRA12_E6_TRE_tRNA_Pro.ab1,TRA9_C1_Round_2_control_E5_TRE_tRNA_Pro_F.ab1,2,67,116,0.5
39,TRA12_E7_TRE_tRNA_Pro.ab1,TRA1_C9_Round_2_control_B1_TRE_tRNA_Pro_F.ab1,3,68,231,0.181818182
40,TRA12_E7_TRE_tRNA_Pro.ab1,TRA11_A8_round1control_H6_TRE_tRNA_Pro_F.ab1,10,68,25,0.25
41,TRA12_E7_TRE_tRNA_Pro.ab1,TRA2_G2_TRE_tRNA_Pro.ab1,2,68,3,0.272727273
42,TRA12_E7_TRE_tRNA_Pro.ab1,TRA8_C7_round1control_C4_TRE_tRNA_Pro_F.ab1,2,68,9,0.222222222
43,TRA12_E7_TRE_tRNA_Pro.ab1,TRA9_A3_round1control_C5_TRE_tRNA_Pro_F.ab1,2,68,18,0.363636364
44,TRA12_E8_TRE_tRNA_Pro.ab1,P049254_TRE_tRNA_Pro.ab1,1,28,201,0
45,TRA12_E8_TRE_tRNA_Pro.ab1,TRA1_A1_Round_2_control_A1_TRE_tRNA_Pro_F.ab1,2,28,224,0.444444444
46,TRA12_E8_TRE_tRNA_Pro.ab1,TRA3_A6_Round_3_control_H1_TRE_tRNA_Pro_F.ab1,1,28,205,0
47,TRA12_E8_TRE_tRNA_Pro.ab1,TRA9_A10_Round_2_control_D5_TRE_tRNA_Pro_F.ab1,4,28,115,0.25
48,TRA12_E9_TRE_tRNA_Pro.ab1,TRA7_I6_TRE_tRNA_Pro.ab1,2,69,57,0
49,TRA12_G1_TRE_tRNA_Pro.ab1,TRA9_C4_Round_2_control_H5_TRE_tRNA_Pro_F.ab1,2,70,148,0
50,TRA12_G10_TRE_tRNA_Pro.ab1,TRA7_A1_round1control_A3_TRE_tRNA_Pro_F.ab1,2,72,182,0
51,TRA12_G3_TRE_tRNA_Pro.ab1,TRA8_C9_round1control_E4_TRE_tRNA_Pro_F.ab1,4,117,10,0.181818182
52,TRA12_G5_TRE_tRNA_Pro.ab1,TRA12_G3_TRE_tRNA_Pro.ab1,2,71,117,0.5
53,TRA12_G5_TRE_tRNA_Pro.ab1,TRA8_C9_round1control_E4_TRE_tRNA_Pro_F.ab1,4,71,10,0.181818182
54,TRA15_A1_Round_2_control_F7_TRE_tRNA_Pro_F.ab1,TRA9_A4_round1control_D5_TRE_tRNA_Pro_F.ab1,11,176,19,0
55,TRA15_A5_Round_2_control_B8_TRE_tRNA_Pro_F.ab1,P046473_TRE_tRNA_Pro.ab1,17,187,190,0
56,TRA15_A7_Round_3_control_B6_TRE_tRNA_Pro_F.ab1,TRA2_C1_TRE_tRNA_Pro.ab1,16,73,235,0
57,TRA15_A7_Round_3_control_B6_TRE_tRNA_Pro_F.ab1,TRA3_I6_Round_2_control_F2_TRE_tRNA_Pro_F.ab1,10,73,113,0.181818182
58,TRA15_A7_Round_3_control_B6_TRE_tRNA_Pro_F.ab1,TRA6_A1_round1control_E2_TRE_tRNA_Pro_F.ab1,2,73,169,0.666666667
59,TRA15_A7_Round_3_control_B6_TRE_tRNA_Pro_F.ab1,TRA8_A5_Round_3_control_E3_TRE_tRNA_Pro_F.ab1,11,73,170,0.181818182
60,TRA15_A8_TRE_tRNA_Pro.ab1,TRA2_I1_round1control_D1_TRE_tRNA_Pro_F.ab1,2,74,131,0
61,TRA16_A1_TRE_tRNA_Pro.ab1,TRA1_A6_TRE_tRNA_Pro.ab1,5,141,204,0
62,TRA16_A2_TRE_tRNA_Pro.ab1,P046476_TRE_tRNA_Pro.ab1,3,95,214,0
63,TRA16_A4_TRE_tRNA_Pro.ab1,TRA3_I5_Round_2_control_E2_TRE_tRNA_Pro_F.ab1,1,29,55,0
64,TRA16_A8_TRE_tRNA_Pro.ab1,TRA7_I6_TRE_tRNA_Pro.ab1,4,118,57,0
65,TRA16_A9_TRE_tRNA_Pro.ab1,TRA7_I5_Round_3_control_C3_TRE_tRNA_Pro_F.ab1,7,158,163,0
66,TRA2_A1_Round_3_control_A1_TRE_tRNA_Pro_F.ab1,76_Round_2_control_G12_TRE_tRNA_Pro_F.ab1,6,146,189,0.4
67,TRA2_E2_round1control_C1_TRE_tRNA_Pro_F.ab1,P046478_TRE_tRNA_Pro.ab1,7,152,198,0.142857143
68,TRA2_G1_Round_2_control_E1_TRE_tRNA_Pro_F.ab1,P046473_TRE_tRNA_Pro.ab1,1,2,190,0
69,TRA2_G2_TRE_tRNA_Pro.ab1,P048492_TRE_tRNA_Pro.ab1,6,3,0,0.090909091
70,TRA2_G2_TRE_tRNA_Pro.ab1,P048495_TRE_tRNA_Pro.ab1,8,3,259,0.105263158
71,TRA2_G2_TRE_tRNA_Pro.ab1,P051980_TRE_tRNA_Pro.ab1,1,3,191,0
72,TRA2_G2_TRE_tRNA_Pro.ab1,TRA1_C9_Round_2_control_B1_TRE_tRNA_Pro_F.ab1,3,3,231,0.095238095
73,TRA2_I1_round1control_D1_TRE_tRNA_Pro_F.ab1,TRA2_A4_Round_3_control_D1_TRE_tRNA_Pro_F.ab1,5,131,249,0
74,TRA20_A1_round1control_A7_TRE_tRNA_Pro_F.ab1,TRA7_A5_Round_2_control_G2_TRE_tRNA_Pro_F.ab1,1,30,6,0
75,TRA20_A10_Round_2_control_E8_TRE_tRNA_Pro_F.ab1,P048662_TRE_tRNA_Pro.ab1,5,143,246,0
76,TRA20_A2_round1control_B7_TRE_tRNA_Pro_F.ab1,TRA8_C9_round1control_E4_TRE_tRNA_Pro_F.ab1,1,31,10,0
77,TRA20_A3_round1control_C7_TRE_tRNA_Pro_F.ab1,P046470_TRE_tRNA_Pro.ab1,1,32,206,0
78,TRA20_A3_round1control_C7_TRE_tRNA_Pro_F.ab1,TRA8_G7_Round_3_control_D4_TRE_tRNA_Pro_F.ab1,1,32,207,0
79,TRA20_A4_round1control_D7_TRE_tRNA_Pro_F.ab1,P046476_TRE_tRNA_Pro.ab1,7,96,214,0.285714286
80,TRA20_A4_round1control_D7_TRE_tRNA_Pro_F.ab1,P046659_TRE_tRNA_Pro.ab1,3,96,234,0.25
81,TRA20_A4_round1control_D7_TRE_tRNA_Pro_F.ab1,TRA11_C10_Round_3_control_E5_TRE_tRNA_Pro_F.ab1,7,96,65,0.363636364
82,TRA20_A4_round1control_D7_TRE_tRNA_Pro_F.ab1,TRA8_A10_Round_3_control_A4_TRE_tRNA_Pro_F.ab1,3,96,155,0.222222222
83,TRA20_A5_round1control_E7_TRE_tRNA_Pro_F.ab1,TRA7_G9_round1control_F3_TRE_tRNA_Pro_F.ab1,1,33,197,0
84,TRA20_A6_round1control_F7_TRE_tRNA_Pro_F.ab1,TRA12_E8_TRE_tRNA_Pro.ab1,1,34,28,0
85,TRA20_A7_round1control_G7_TRE_tRNA_Pro_F.ab1,TRA3_I2_round1control_C2_TRE_tRNA_Pro_F.ab1,3,97,111,0
86,TRA20_A8_round1control_H7_TRE_tRNA_Pro_F.ab1,TRA3_I6_Round_2_control_F2_TRE_tRNA_Pro_F.ab1,1,35,113,0
87,TRA20_A9_Round_2_control_D8_TRE_tRNA_Pro_F.ab1,TRA3_I7_TRE_tRNA_Pro.ab1,5,142,177,0.333333333
88,TRA20_C4_Round_2_control_A9_TRE_tRNA_Pro_F.ab1,P048495_TRE_tRNA_Pro.ab1,8,36,259,0
89,TRA20_C4_Round_2_control_A9_TRE_tRNA_Pro_F.ab1,P051980_TRE_tRNA_Pro.ab1,1,36,191,0
90,TRA20_C4_Round_2_control_A9_TRE_tRNA_Pro_F.ab1,TRA1_C9_Round_2_control_B1_TRE_tRNA_Pro_F.ab1,3,36,231,0
91,TRA20_C4_Round_2_control_A9_TRE_tRNA_Pro_F.ab1,TRA12_E6_TRE_tRNA_Pro.ab1,4,36,67,0.25
92,TRA20_C4_Round_2_control_A9_TRE_tRNA_Pro_F.ab1,TRA9_C1_Round_2_control_E5_TRE_tRNA_Pro_F.ab1,4,36,116,0.2
93,TRA20_C5_Round_2_control_B9_TRE_tRNA_Pro_F.ab1,TRA11_A8_round1control_H6_TRE_tRNA_Pro_F.ab1,12,180,25,0
94,TRA20_C5_Round_2_control_B9_TRE_tRNA_Pro_F.ab1,TRA3_I3_round1control_D2_TRE_tRNA_Pro_F.ab1,12,180,162,0
95,TRA20_C5_Round_2_control_B9_TRE_tRNA_Pro_F.ab1,TRA7_A6_Round_2_control_H2_TRE_tRNA_Pro_F.ab1,12,180,227,0.222222222
96,TRA20_C5_Round_2_control_B9_TRE_tRNA_Pro_F.ab1,TRA8_G2_Round_3_control_C4_TRE_tRNA_Pro_F.ab1,12,180,136,0.181818182
97,TRA20_C6_Round_2_control_C9_TRE_tRNA_Pro_F.ab1,TRA16_A9_TRE_tRNA_Pro.ab1,8,119,158,0
98,TRA20_C6_Round_2_control_C9_TRE_tRNA_Pro_F.ab1,TRA8_E4_Round_2_control_E3_TRE_tRNA_Pro_F.ab1,4,119,92,0
99,TRA20_C9_Round_3_control_C6_TRE_tRNA_Pro_F.ab1,P048492_TRE_tRNA_Pro.ab1,7,120,0,0.1
100,TRA20_C9_Round_3_control_C6_TRE_tRNA_Pro_F.ab1,TRA11_A2_round1control_B6_TRE_tRNA_Pro_F.ab1,7,120,24,0
101,TRA20_C9_Round_3_control_C6_TRE_tRNA_Pro_F.ab1,TRA12_E7_TRE_tRNA_Pro.ab1,7,120,68,0.1
102,TRA20_C9_Round_3_control_C6_TRE_tRNA_Pro_F.ab1,TRA2_G2_TRE_tRNA_Pro.ab1,7,120,3,0.133333333
103,TRA20_C9_Round_3_control_C6_TRE_tRNA_Pro_F.ab1,TRA2_I1_round1control_D1_TRE_tRNA_Pro_F.ab1,8,120,131,0.105263158
104,TRA20_C9_Round_3_control_C6_TRE_tRNA_Pro_F.ab1,TRA2_I5_Round_2_control_G1_TRE_tRNA_Pro_F.ab1,18,120,257,0
105,TRA20_C9_Round_3_control_C6_TRE_tRNA_Pro_F.ab1,TRA3_E2_round1control_A2_TRE_tRNA_Pro_F.ab1,13,120,268,0.210526316
106,TRA20_C9_Round_3_control_C6_TRE_tRNA_Pro_F.ab1,TRA7_A2_round1control_B3_TRE_tRNA_Pro_F.ab1,11,120,264,0
107,TRA20_C9_Round_3_control_C6_TRE_tRNA_Pro_F.ab1,TRA8_A7_Round_3_control_G3_TRE_tRNA_Pro_F.ab1,11,120,265,0
108,TRA20_C9_Round_3_control_C6_TRE_tRNA_Pro_F.ab1,TRA8_C5_round1control_A4_TRE_tRNA_Pro_F.ab1,4,120,164,0.571428571
109,TRA20_C9_Round_3_control_C6_TRE_tRNA_Pro_F.ab1,TRA8_E5_Round_2_control_F3_TRE_tRNA_Pro_F.ab1,12,120,178,0.210526316
110,TRA20_C9_Round_3_control_C6_TRE_tRNA_Pro_F.ab1,TRA8_E9_Round_2_control_H3_TRE_tRNA_Pro_F.ab1,14,120,174,0.090909091
111,TRA20_E1_Round_3_control_E6_TRE_tRNA_Pro_F.ab1,P046476_TRE_tRNA_Pro.ab1,4,121,214,0.333333333
112,TRA20_E1_Round_3_control_E6_TRE_tRNA_Pro_F.ab1,TRA11_C10_Round_3_control_E5_TRE_tRNA_Pro_F.ab1,4,121,65,0.444444444
113,TRA20_E3_Round_3_control_G6_TRE_tRNA_Pro_F.ab1,TRA2_C1_TRE_tRNA_Pro.ab1,3,98,235,0
114,TRA20_E4_Round_3_control_H6_TRE_tRNA_Pro_F.ab1,TRA20_C1_Round_2_control_F8_TRE_tRNA_Pro_F.ab1,4,122,245,0
115,TRA21_G1_TRE_tRNA_Pro.ab1,TRA16_A10_TRE_tRNA_Pro.ab1,10,149,262,0
116,TRA21_G1_TRE_tRNA_Pro.ab1,TRA7_A3_round1control_C3_TRE_tRNA_Pro_F.ab1,6,149,88,0.333333333
117,TRA21_G1_TRE_tRNA_Pro.ab1,TRA8_I1_Round_2_control_F4_TRE_tRNA_Pro_F.ab1,6,149,13,0.2
118,TRA21_G3_TRE_tRNA_Pro.ab1,P048662_TRE_tRNA_Pro.ab1,4,123,246,0
119,TRA21_G4_TRE_tRNA_Pro.ab1,TRA16_A6_TRE_tRNA_Pro.ab1,5,99,251,0
120,TRA21_G4_TRE_tRNA_Pro.ab1,TRA2_A6_Round_3_control_F1_TRE_tRNA_Pro_F.ab1,3,99,221,0.333333333
121,TRA21_G4_TRE_tRNA_Pro.ab1,TRA8_E2_round1control_H4_TRE_tRNA_Pro_F.ab1,3,99,59,0.333333333
122,TRA21_I1_TRE_tRNA_Pro.ab1,TRA1_A1_Round_2_control_A1_TRE_tRNA_Pro_F.ab1,3,100,224,0.4
123,TRA21_I1_TRE_tRNA_Pro.ab1,TRA12_E8_TRE_tRNA_Pro.ab1,3,100,28,0.25
124,TRA22_A1_round1control_A8_TRE_tRNA_Pro_F.ab1,P046476_TRE_tRNA_Pro.ab1,7,75,214,0.285714286
125,TRA22_A1_round1control_A8_TRE_tRNA_Pro_F.ab1,P046659_TRE_tRNA_Pro.ab1,3,75,234,0.25
126,TRA22_A1_round1control_A8_TRE_tRNA_Pro_F.ab1,TRA11_C10_Round_3_control_E5_TRE_tRNA_Pro_F.ab1,7,75,65,0.363636364
127,TRA22_A1_round1control_A8_TRE_tRNA_Pro_F.ab1,TRA20_A4_round1control_D7_TRE_tRNA_Pro_F.ab1,2,75,96,0.8
128,TRA22_A1_round1control_A8_TRE_tRNA_Pro_F.ab1,TRA8_A10_Round_3_control_A4_TRE_tRNA_Pro_F.ab1,3,75,155,0.222222222
129,TRA22_A10_Round_3_control_A7_TRE_tRNA_Pro_F.ab1,P046470_TRE_tRNA_Pro.ab1,4,124,206,0.4
130,TRA22_A10_Round_3_control_A7_TRE_tRNA_Pro_F.ab1,TRA3_I2_round1control_C2_TRE_tRNA_Pro_F.ab1,11,124,111,0.142857143
131,TRA22_A2_round1control_B8_TRE_tRNA_Pro_F.ab1,TRA2_A2_Round_3_control_B1_TRE_tRNA_Pro_F.ab1,1,37,208,0
132,TRA22_A3_round1control_C8_TRE_tRNA_Pro_F.ab1,TRA8_E6_Round_2_control_G3_TRE_tRNA_Pro_F.ab1,1,38,199,0
133,TRA22_A4_round1control_D8_TRE_tRNA_Pro_F.ab1,TRA11_C8_Round_2_control_D7_TRE_tRNA_Pro_F.ab1,13,184,183,0.25
134,TRA22_A9_Round_2_control_F9_TRE_tRNA_Pro_F.ab1,TRA11_C8_Round_2_control_D7_TRE_tRNA_Pro_F.ab1,13,159,183,0
135,TRA22_A9_Round_2_control_F9_TRE_tRNA_Pro_F.ab1,TRA2_A2_Round_3_control_B1_TRE_tRNA_Pro_F.ab1,12,159,208,0
136,TRA22_A9_Round_2_control_F9_TRE_tRNA_Pro_F.ab1,TRA20_A7_round1control_G7_TRE_tRNA_Pro_F.ab1,7,159,97,0
137,TRA22_A9_Round_2_control_F9_TRE_tRNA_Pro_F.ab1,TRA3_C10_round1control_H1_TRE_tRNA_Pro_F.ab1,11,159,241,0
138,TRA24_A1_round1control_H8_TRE_tRNA_Pro_F.ab1,TRA7_I6_TRE_tRNA_Pro.ab1,2,76,57,0
139,TRA24_A10_Round_2_control_A10_TRE_tRNA_Pro_F.ab1,TRA3_I6_Round_2_control_F2_TRE_tRNA_Pro_F.ab1,1,43,113,0
140,TRA24_A2_round1control_A9_TRE_tRNA_Pro_F.ab1,TRA12_G1_TRE_tRNA_Pro.ab1,1,39,70,0
141,TRA24_A2_round1control_A9_TRE_tRNA_Pro_F.ab1,TRA3_A6_Round_3_control_H1_TRE_tRNA_Pro_F.ab1,6,39,205,0
142,TRA24_A2_round1control_A9_TRE_tRNA_Pro_F.ab1,TRA3_E1_round1control_G1_TRE_tRNA_Pro_F.ab1,12,39,267,0.222222222
143,TRA24_A2_round1control_A9_TRE_tRNA_Pro_F.ab1,TRA7_I6_TRE_tRNA_Pro.ab1,2,39,57,0.4
144,TRA24_A2_round1control_A9_TRE_tRNA_Pro_F.ab1,TRA8_A3_Round_3_control_D3_TRE_tRNA_Pro_F.ab1,3,39,236,0
145,TRA24_A2_round1control_A9_TRE_tRNA_Pro_F.ab1,TRA9_A2_round1control_B5_TRE_tRNA_Pro_F.ab1,3,39,93,0.2
146,TRA24_A4_round1control_C9_TRE_tRNA_Pro_F.ab1,TRA11_A2_round1control_B6_TRE_tRNA_Pro_F.ab1,11,168,24,0
147,TRA24_A4_round1control_C9_TRE_tRNA_Pro_F.ab1,TRA20_A7_round1control_G7_TRE_tRNA_Pro_F.ab1,11,168,97,0
148,TRA24_A4_round1control_C9_TRE_tRNA_Pro_F.ab1,TRA24_A2_round1control_A9_TRE_tRNA_Pro_F.ab1,9,168,39,0.153846154
149,TRA24_A4_round1control_C9_TRE_tRNA_Pro_F.ab1,TRA3_A1_Round_3_control_G1_TRE_tRNA_Pro_F.ab1,9,168,261,0
150,TRA24_A4_round1control_C9_TRE_tRNA_Pro_F.ab1,TRA7_I6_TRE_tRNA_Pro.ab1,9,168,57,0.142857143
151,TRA24_A5_round1control_D9_TRE_tRNA_Pro_F.ab1,TRA11_C8_Round_2_control_D7_TRE_tRNA_Pro_F.ab1,13,40,183,0.285714286
152,TRA24_A5_round1control_D9_TRE_tRNA_Pro_F.ab1,TRA11_E1_Round_3_control_F5_TRE_tRNA_Pro_F.ab1,5,40,252,0
153,TRA24_A5_round1control_D9_TRE_tRNA_Pro_F.ab1,TRA20_C9_Round_3_control_C6_TRE_tRNA_Pro_F.ab1,12,40,120,0.181818182
154,TRA24_A5_round1control_D9_TRE_tRNA_Pro_F.ab1,TRA20_E2_Round_3_control_F6_TRE_tRNA_Pro_F.ab1,1,40,209,0
155,TRA24_A5_round1control_D9_TRE_tRNA_Pro_F.ab1,TRA22_C1_Round_3_control_B7_TRE_tRNA_Pro_F.ab1,2,40,225,0
156,TRA24_A5_round1control_D9_TRE_tRNA_Pro_F.ab1,TRA3_I2_round1control_C2_TRE_tRNA_Pro_F.ab1,12,40,111,0.2
157,TRA24_A5_round1control_D9_TRE_tRNA_Pro_F.ab1,TRA8_C5_round1control_A4_TRE_tRNA_Pro_F.ab1,12,40,164,0.266666667
158,TRA24_A5_round1control_D9_TRE_tRNA_Pro_F.ab1,TRA8_E5_Round_2_control_F3_TRE_tRNA_Pro_F.ab1,2,40,178,0.615384615
159,TRA24_A6_round1control_E9_TRE_tRNA_Pro_F.ab1,TRA11_A8_round1control_H6_TRE_tRNA_Pro_F.ab1,13,125,25,0
160,TRA24_A6_round1control_E9_TRE_tRNA_Pro_F.ab1,TRA20_C9_Round_3_control_C6_TRE_tRNA_Pro_F.ab1,13,125,120,0.2
161,TRA24_A6_round1control_E9_TRE_tRNA_Pro_F.ab1,TRA3_E10_Round_3_control_F2_TRE_tRNA_Pro_F.ab1,11,125,87,0
162,TRA24_A6_round1control_E9_TRE_tRNA_Pro_F.ab1,TRA3_E2_round1control_A2_TRE_tRNA_Pro_F.ab1,12,125,268,0.363636364
163,TRA24_A6_round1control_E9_TRE_tRNA_Pro_F.ab1,TRA3_I5_Round_2_control_E2_TRE_tRNA_Pro_F.ab1,4,125,55,0
164,TRA24_A6_round1control_E9_TRE_tRNA_Pro_F.ab1,TRA8_C5_round1control_A4_TRE_tRNA_Pro_F.ab1,13,125,164,0.307692308
165,TRA24_A7_round1control_F9_TRE_tRNA_Pro_F.ab1,TRA3_E10_Round_3_control_F2_TRE_tRNA_Pro_F.ab1,1,41,87,0
166,TRA24_A8_Round_2_control_G9_TRE_tRNA_Pro_F.ab1,P046471_TRE_tRNA_Pro.ab1,1,42,210,0
167,TRA24_C1_Round_2_control_B10_TRE_tRNA_Pro_F.ab1,76_Round_2_control_G12_TRE_tRNA_Pro_F.ab1,5,144,189,0.307692308
168,TRA24_C1_Round_2_control_B10_TRE_tRNA_Pro_F.ab1,TRA8_G6_Round_2_control_E4_TRE_tRNA_Pro_F.ab1,5,144,114,0.571428571
169,TRA24_C10_Round_3_control_F7_TRE_tRNA_Pro_F.ab1,TRA2_I6_Round_2_control_H1_TRE_tRNA_Pro_F.ab1,2,79,219,0.571428571
170,TRA24_C10_Round_3_control_F7_TRE_tRNA_Pro_F.ab1,TRA7_A5_Round_2_control_G2_TRE_tRNA_Pro_F.ab1,2,79,6,0.363636364
171,TRA24_C10_Round_3_control_F7_TRE_tRNA_Pro_F.ab1,TRA8_I1_Round_2_control_F4_TRE_tRNA_Pro_F.ab1,2,79,13,0.4
172,TRA24_C3_Round_2_control_D10_TRE_tRNA_Pro_F.ab1,P046478_TRE_tRNA_Pro.ab1,5,77,198,0.142857143
173,TRA24_C3_Round_2_control_D10_TRE_tRNA_Pro_F.ab1,TRA20_C5_Round_2_control_B9_TRE_tRNA_Pro_F.ab1,12,77,180,0.181818182
174,TRA24_C3_Round_2_control_D10_TRE_tRNA_Pro_F.ab1,TRA20_C8_Round_2_control_E9_TRE_tRNA_Pro_F.ab1,4,77,247,0
175,TRA24_C3_Round_2_control_D10_TRE_tRNA_Pro_F.ab1,TRA8_G2_Round_3_control_C4_TRE_tRNA_Pro_F.ab1,2,77,136,0.5
176,TRA24_C4_Round_2_control_E10_TRE_tRNA_Pro_F.ab1,76_Round_2_control_G12_TRE_tRNA_Pro_F.ab1,7,101,189,0
177,TRA24_C4_Round_2_control_E10_TRE_tRNA_Pro_F.ab1,TRA15_A1_Round_2_control_F7_TRE_tRNA_Pro_F.ab1,8,101,176,0
178,TRA24_C4_Round_2_control_E10_TRE_tRNA_Pro_F.ab1,TRA2_A5_Round_3_control_E1_TRE_tRNA_Pro_F.ab1,6,101,256,0
179,TRA24_C4_Round_2_control_E10_TRE_tRNA_Pro_F.ab1,TRA3_C10_round1control_H1_TRE_tRNA_Pro_F.ab1,11,101,241,0
180,TRA24_C4_Round_2_control_E10_TRE_tRNA_Pro_F.ab1,TRA7_I3_Round_2_control_C3_TRE_tRNA_Pro_F.ab1,11,101,266,0
181,TRA24_C4_Round_2_control_E10_TRE_tRNA_Pro_F.ab1,TRA8_G5_Round_2_control_D4_TRE_tRNA_Pro_F.ab1,3,101,237,0
182,TRA24_C5_Round_2_control_F10_TRE_tRNA_Pro_F.ab1,P045523_TRE_tRNA_Pro.ab1,3,44,238,0
183,TRA24_C5_Round_2_control_F10_TRE_tRNA_Pro_F.ab1,P046478_TRE_tRNA_Pro.ab1,5,44,198,0.090909091
184,TRA24_C5_Round_2_control_F10_TRE_tRNA_Pro_F.ab1,P048618_TRE_tRNA_Pro.ab1,4,44,248,0
185,TRA24_C5_Round_2_control_F10_TRE_tRNA_Pro_F.ab1,TRA1_A10_round1control_B1_TRE_tRNA_Pro_F.ab1,2,44,226,0
186,TRA24_C5_Round_2_control_F10_TRE_tRNA_Pro_F.ab1,TRA20_C5_Round_2_control_B9_TRE_tRNA_Pro_F.ab1,12,44,180,0.105263158
187,TRA24_C5_Round_2_control_F10_TRE_tRNA_Pro_F.ab1,TRA20_C7_Round_2_control_D9_TRE_tRNA_Pro_F.ab1,3,44,239,0.142857143
188,TRA24_C5_Round_2_control_F10_TRE_tRNA_Pro_F.ab1,TRA7_A6_Round_2_control_H2_TRE_tRNA_Pro_F.ab1,2,44,227,0.142857143
189,TRA24_C5_Round_2_control_F10_TRE_tRNA_Pro_F.ab1,TRA7_A8_Round_3_control_A3_TRE_tRNA_Pro_F.ab1,1,44,7,0
190,TRA24_C5_Round_2_control_F10_TRE_tRNA_Pro_F.ab1,TRA8_C9_round1control_E4_TRE_tRNA_Pro_F.ab1,4,44,10,0.095238095
191,TRA24_C5_Round_2_control_F10_TRE_tRNA_Pro_F.ab1,TRA8_G4_Round_2_control_C4_TRE_tRNA_Pro_F.ab1,5,44,253,0
192,TRA24_C8_Round_2_control_A11_TRE_tRNA_Pro_F.ab1,TRA7_G9_round1control_F3_TRE_tRNA_Pro_F.ab1,1,45,197,0
193,TRA24_C9_Round_3_control_E7_TRE_tRNA_Pro_F.ab1,TRA2_G2_TRE_tRNA_Pro.ab1,2,78,3,0
194,TRA24_C9_Round_3_control_E7_TRE_tRNA_Pro_F.ab1,TRA24_C6_Round_2_control_G10_TRE_tRNA_Pro_F.ab1,2,78,228,0
195,TRA24_E1_Round_3_control_G7_TRE_tRNA_Pro_F.ab1,TRA3_I7_TRE_tRNA_Pro.ab1,10,171,177,0
196,TRA24_E2_Round_3_control_H7_TRE_tRNA_Pro_F.ab1,TRA12_G1_TRE_tRNA_Pro.ab1,1,46,70,0
197,TRA24_E3_Round_3_control_A8_TRE_tRNA_Pro_F.ab1,P046471_TRE_tRNA_Pro.ab1,1,47,210,0
198,TRA24_E3_Round_3_control_A8_TRE_tRNA_Pro_F.ab1,P048616_TRE_tRNA_Pro.ab1,1,47,211,0
199,TRA24_E3_Round_3_control_A8_TRE_tRNA_Pro_F.ab1,P048619_TRE_tRNA_Pro.ab1,1,47,212,0
200,TRA24_E3_Round_3_control_A8_TRE_tRNA_Pro_F.ab1,TRA20_A10_Round_2_control_E8_TRE_tRNA_Pro_F.ab1,1,47,143,0
201,TRA24_E3_Round_3_control_A8_TRE_tRNA_Pro_F.ab1,TRA20_E4_Round_3_control_H6_TRE_tRNA_Pro_F.ab1,2,47,122,0
202,TRA24_E3_Round_3_control_A8_TRE_tRNA_Pro_F.ab1,TRA24_C4_Round_2_control_E10_TRE_tRNA_Pro_F.ab1,7,47,101,0
203,TRA24_E3_Round_3_control_A8_TRE_tRNA_Pro_F.ab1,TRA3_G1_Round_3_control_G2_TRE_tRNA_Pro_F.ab1,1,47,213,0
204,TRA24_E3_Round_3_control_A8_TRE_tRNA_Pro_F.ab1,TRA9_A1_round1control_A5_TRE_tRNA_Pro_F.ab1,2,47,229,0
205,TRA24_E4_Round_3_control_B8_TRE_tRNA_Pro_F.ab1,TRA24_C5_Round_2_control_F10_TRE_tRNA_Pro_F.ab1,3,102,44,0
206,TRA26_E10_TRE_tRNA_Pro.ab1,TRA20_C5_Round_2_control_B9_TRE_tRNA_Pro_F.ab1,12,181,180,0
207,TRA26_E8_TRE_tRNA_Pro.ab1,TRA8_C9_round1control_E4_TRE_tRNA_Pro_F.ab1,6,150,10,0
208,TRA26_E9_TRE_tRNA_Pro.ab1,TRA20_A9_Round_2_control_D8_TRE_tRNA_Pro_F.ab1,5,126,142,0.5
209,TRA26_E9_TRE_tRNA_Pro.ab1,TRA3_I7_TRE_tRNA_Pro.ab1,4,126,177,0.333333333
210,TRA26_G1_TRE_tRNA_Pro.ab1,TRA11_C8_Round_2_control_D7_TRE_tRNA_Pro_F.ab1,13,48,183,0.222222222
211,TRA26_G1_TRE_tRNA_Pro.ab1,TRA22_A4_round1control_D8_TRE_tRNA_Pro_F.ab1,2,48,184,0.4
212,TRA26_G1_TRE_tRNA_Pro.ab1,TRA9_C8_Round_3_control_G4_TRE_tRNA_Pro_F.ab1,1,48,157,0
213,TRA26_G10_TRE_tRNA_Pro.ab1,TRA12_E10_TRE_tRNA_Pro.ab1,7,160,140,0
214,TRA26_G10_TRE_tRNA_Pro.ab1,TRA2_I5_Round_2_control_G1_TRE_tRNA_Pro_F.ab1,18,160,257,0
215,TRA26_G2_TRE_tRNA_Pro.ab1,TRA7_A5_Round_2_control_G2_TRE_tRNA_Pro_F.ab1,3,103,6,0
216,TRA27_A4_TRE_tRNA_Pro.ab1,TRA15_A5_Round_2_control_B8_TRE_tRNA_Pro_F.ab1,3,104,187,0
217,TRA27_A5_TRE_tRNA_Pro.ab1,TRA3_I4_Round_2_control_D2_TRE_tRNA_Pro_F.ab1,1,49,112,0
218,TRA29_A1_Round_2_control_B11_TRE_tRNA_Pro_F.ab1,TRA15_A7_Round_3_control_B6_TRE_tRNA_Pro_F.ab1,17,188,73,0.285714286
219,TRA29_A1_Round_2_control_B11_TRE_tRNA_Pro_F.ab1,TRA6_A1_round1control_E2_TRE_tRNA_Pro_F.ab1,17,188,169,0.333333333
220,TRA29_A2_Round_2_control_C11_TRE_tRNA_Pro_F.ab1,P046476_TRE_tRNA_Pro.ab1,8,80,214,0.266666667
221,TRA29_A2_Round_2_control_C11_TRE_tRNA_Pro_F.ab1,P046659_TRE_tRNA_Pro.ab1,8,80,234,0
222,TRA29_A2_Round_2_control_C11_TRE_tRNA_Pro_F.ab1,TRA11_A6_round1control_F6_TRE_tRNA_Pro_F.ab1,7,80,258,0
223,TRA29_A2_Round_2_control_C11_TRE_tRNA_Pro_F.ab1,TRA11_C10_Round_3_control_E5_TRE_tRNA_Pro_F.ab1,8,80,65,0.333333333
224,TRA29_A2_Round_2_control_C11_TRE_tRNA_Pro_F.ab1,TRA16_A7_TRE_tRNA_Pro.ab1,2,80,230,0
225,TRA29_A2_Round_2_control_C11_TRE_tRNA_Pro_F.ab1,TRA20_E1_Round_3_control_E6_TRE_tRNA_Pro_F.ab1,8,80,121,0.444444444
226,TRA29_A3_Round_2_control_D11_TRE_tRNA_Pro_F.ab1,TRA24_E4_Round_3_control_B8_TRE_tRNA_Pro_F.ab1,4,127,102,0
227,TRA29_A4_Round_2_control_E11_TRE_tRNA_Pro_F.ab1,TRA24_E4_Round_3_control_B8_TRE_tRNA_Pro_F.ab1,2,81,102,0
228,TRA29_A5_Round_2_control_F11_TRE_tRNA_Pro_F.ab1,TRA1_C9_Round_2_control_B1_TRE_tRNA_Pro_F.ab1,2,82,231,0
229,TRA29_A6_Round_2_control_G11_TRE_tRNA_Pro_F.ab1,TRA3_C10_round1control_H1_TRE_tRNA_Pro_F.ab1,4,128,241,0
230,TRA29_A8_Round_2_control_A12_TRE_tRNA_Pro_F.ab1,TRA9_C1_Round_2_control_E5_TRE_tRNA_Pro_F.ab1,8,165,116,0
231,TRA29_A9_Round_2_control_B12_TRE_tRNA_Pro_F.ab1,TRA8_C10_round1control_F4_TRE_tRNA_Pro_F.ab1,3,105,91,0
232,TRA29_C10_TRE_tRNA_Pro.ab1,TRA26_E8_TRE_tRNA_Pro.ab1,4,129,150,0
233,TRA29_C2_Round_3_control_E8_TRE_tRNA_Pro_F.ab1,P046473_TRE_tRNA_Pro.ab1,13,50,190,0
234,TRA29_C2_Round_3_control_E8_TRE_tRNA_Pro_F.ab1,P046476_TRE_tRNA_Pro.ab1,1,50,214,0
235,TRA29_C2_Round_3_control_E8_TRE_tRNA_Pro_F.ab1,TRA11_A6_round1control_F6_TRE_tRNA_Pro_F.ab1,8,50,258,0
236,TRA29_C2_Round_3_control_E8_TRE_tRNA_Pro_F.ab1,TRA8_G1_Round_2_control_B4_TRE_tRNA_Pro_F.ab1,3,50,240,0
237,TRA29_C3_TRE_tRNA_Pro.ab1,P048492_TRE_tRNA_Pro.ab1,5,145,0,0
238,TRA29_C6_TRE_tRNA_Pro.ab1,P049254_TRE_tRNA_Pro.ab1,3,106,201,0
239,TRA29_C7_TRE_tRNA_Pro.ab1,76_Round_2_control_G12_TRE_tRNA_Pro_F.ab1,2,83,189,0.625
240,TRA29_C7_TRE_tRNA_Pro.ab1,TRA2_A1_Round_3_control_A1_TRE_tRNA_Pro_F.ab1,6,83,146,0.545454545
241,TRA29_C7_TRE_tRNA_Pro.ab1,TRA24_C1_Round_2_control_B10_TRE_tRNA_Pro_F.ab1,5,83,144,0.444444444
242,TRA29_C7_TRE_tRNA_Pro.ab1,TRA8_G6_Round_2_control_E4_TRE_tRNA_Pro_F.ab1,4,83,114,0.6
243,TRA29_C7_TRE_tRNA_Pro.ab1,TRA9_C9_Round_3_control_H4_TRE_tRNA_Pro_F.ab1,9,83,166,0.25
244,TRA29_C9_TRE_tRNA_Pro.ab1,76_Round_2_control_G12_TRE_tRNA_Pro_F.ab1,6,151,189,0.307692308
245,TRA29_C9_TRE_tRNA_Pro.ab1,TRA2_A1_Round_3_control_A1_TRE_tRNA_Pro_F.ab1,6,151,146,0.5
246,TRA29_C9_TRE_tRNA_Pro.ab1,TRA29_C7_TRE_tRNA_Pro.ab1,6,151,83,0.444444444
247,TRA3_E10_Round_3_control_F2_TRE_tRNA_Pro_F.ab1,P048665_TRE_tRNA_Pro.ab1,3,87,232,0
248,TRA3_E5_Round_2_control_C2_TRE_tRNA_Pro_F.ab1,P046478_TRE_tRNA_Pro.ab1,4,110,198,0.153846154
249,TRA3_E6_Round_3_control_B2_TRE_tRNA_Pro_F.ab1,P046469_TRE_tRNA_Pro.ab1,2,4,217,0.307692308
250,TRA3_E6_Round_3_control_B2_TRE_tRNA_Pro_F.ab1,P046476_TRE_tRNA_Pro.ab1,3,4,214,0.105263158
251,TRA3_E6_Round_3_control_B2_TRE_tRNA_Pro_F.ab1,TRA3_C1_Round_3_control_A2_TRE_tRNA_Pro_F.ab1,1,4,192,0
252,TRA3_E7_Round_3_control_C2_TRE_tRNA_Pro_F.ab1,TRA2_C7_TRE_tRNA_Pro.ab1,7,153,215,0
253,TRA3_E8_Round_3_control_D2_TRE_tRNA_Pro_F.ab1,P046472_TRE_tRNA_Pro.ab1,5,132,250,0
254,TRA3_E9_Round_3_control_E2_TRE_tRNA_Pro_F.ab1,TRA3_E8_Round_3_control_D2_TRE_tRNA_Pro_F.ab1,8,161,132,0
255,TRA3_G8_Round_3_control_H2_TRE_tRNA_Pro_F.ab1,TRA3_C10_round1control_H1_TRE_tRNA_Pro_F.ab1,5,133,241,0
256,TRA3_I1_round1control_B2_TRE_tRNA_Pro_F.ab1,P049254_TRE_tRNA_Pro.ab1,2,54,201,0
257,TRA3_I2_round1control_C2_TRE_tRNA_Pro_F.ab1,P046470_TRE_tRNA_Pro.ab1,11,111,206,0.133333333
258,TRA3_I2_round1control_C2_TRE_tRNA_Pro_F.ab1,TRA2_A6_Round_3_control_F1_TRE_tRNA_Pro_F.ab1,4,111,221,0.133333333
259,TRA3_I2_round1control_C2_TRE_tRNA_Pro_F.ab1,TRA3_E4_Round_2_control_B2_TRE_tRNA_Pro_F.ab1,14,111,269,0
260,TRA3_I3_round1control_D2_TRE_tRNA_Pro_F.ab1,TRA2_E2_round1control_C1_TRE_tRNA_Pro_F.ab1,8,162,152,0.222222222
261,TRA3_I4_Round_2_control_D2_TRE_tRNA_Pro_F.ab1,TRA2_G2_TRE_tRNA_Pro.ab1,4,112,3,0
262,TRA3_I5_Round_2_control_E2_TRE_tRNA_Pro_F.ab1,TRA2_I2_round1control_E1_TRE_tRNA_Pro_F.ab1,2,55,218,0
263,TRA3_I6_Round_2_control_F2_TRE_tRNA_Pro_F.ab1,P046472_TRE_tRNA_Pro.ab1,6,113,250,0
264,TRA3_I6_Round_2_control_F2_TRE_tRNA_Pro_F.ab1,TRA3_E3_Round_2_control_A2_TRE_tRNA_Pro_F.ab1,4,113,243,0
265,TRA3_I7_TRE_tRNA_Pro.ab1,TRA3_I2_round1control_C2_TRE_tRNA_Pro_F.ab1,12,177,111,0
266,TRA31_E1_TRE_tRNA_Pro.ab1,76_Round_2_control_G12_TRE_tRNA_Pro_F.ab1,11,172,189,0
267,TRA31_E1_TRE_tRNA_Pro.ab1,TRA24_A4_round1control_C9_TRE_tRNA_Pro_F.ab1,10,172,168,0
268,TRA31_E4_TRE_tRNA_Pro.ab1,TRA3_C10_round1control_H1_TRE_tRNA_Pro_F.ab1,3,107,241,0
269,TRA31_E5_TRE_tRNA_Pro.ab1,TRA20_A10_Round_2_control_E8_TRE_tRNA_Pro_F.ab1,5,84,143,0
270,TRA31_E5_TRE_tRNA_Pro.ab1,TRA8_I7_Round_2_control_B5_TRE_tRNA_Pro_F.ab1,2,84,179,0
271,TRA31_E6_TRE_tRNA_Pro.ab1,TRA3_E5_Round_2_control_C2_TRE_tRNA_Pro_F.ab1,1,51,110,0
272,TRA31_G3_TRE_tRNA_Pro.ab1,TRA11_A2_round1control_B6_TRE_tRNA_Pro_F.ab1,10,173,24,0
273,TRA31_G3_TRE_tRNA_Pro.ab1,TRA3_E2_round1control_A2_TRE_tRNA_Pro_F.ab1,13,173,268,0
274,TRA31_G4_TRE_tRNA_Pro.ab1,TRA11_A5_round1control_E6_TRE_tRNA_Pro_F.ab1,2,85,175,0
275,TRA31_G5_TRE_tRNA_Pro.ab1,TRA20_C7_Round_2_control_D9_TRE_tRNA_Pro_F.ab1,3,86,239,0.5
276,TRA31_G5_TRE_tRNA_Pro.ab1,TRA24_C5_Round_2_control_F10_TRE_tRNA_Pro_F.ab1,2,86,44,0.142857143
277,TRA31_G7_TRE_tRNA_Pro.ab1,TRA9_C1_Round_2_control_E5_TRE_tRNA_Pro_F.ab1,3,108,116,0
278,TRA39_A1_round1control_D12_TRE_tRNA_Pro_F.ab1,TRA2_C7_TRE_tRNA_Pro.ab1,1,52,215,0
279,TRA39_A3_round1control_F12_TRE_tRNA_Pro_F.ab1,TRA21_G5_TRE_tRNA_Pro.ab1,5,53,254,0
280,TRA39_A3_round1control_F12_TRE_tRNA_Pro_F.ab1,TRA3_G1_Round_3_control_G2_TRE_tRNA_Pro_F.ab1,1,53,213,0
281,TRA39_A3_round1control_F12_TRE_tRNA_Pro_F.ab1,TRA9_E1_Round_3_contro_B5_TRE_tRNA_Pro_F.ab1,1,53,216,0
282,TRA39_A4_round1control_G12_TRE_tRNA_Pro_F.ab1,TRA15_A5_Round_2_control_B8_TRE_tRNA_Pro_F.ab1,4,130,187,0
283,TRA6_A1_round1control_E2_TRE_tRNA_Pro_F.ab1,TRA3_I6_Round_2_control_F2_TRE_tRNA_Pro_F.ab1,10,169,113,0.2
284,TRA6_A7_round1control_G2_TRE_tRNA_Pro_F.ab1,TRA2_I4_Round_2_control_F1_TRE_tRNA_Pro_F.ab1,1,5,193,0
285,TRA6_A8_round1control_H2_TRE_tRNA_Pro_F.ab1,TRA2_I5_Round_2_control_G1_TRE_tRNA_Pro_F.ab1,7,154,257,0
286,TRA7_A1_round1control_A3_TRE_tRNA_Pro_F.ab1,TRA3_E2_round1control_A2_TRE_tRNA_Pro_F.ab1,13,182,268,0
287,TRA7_A10_TRE_tRNA_Pro.ab1,TRA3_E6_Round_3_control_B2_TRE_tRNA_Pro_F.ab1,2,56,4,0.166666667
288,TRA7_A3_round1control_C3_TRE_tRNA_Pro_F.ab1,TRA1_C9_Round_2_control_B1_TRE_tRNA_Pro_F.ab1,3,88,231,0
289,TRA7_A5_Round_2_control_G2_TRE_tRNA_Pro_F.ab1,TRA1_A9_round1control_A1_TRE_tRNA_Pro_F.ab1,1,6,194,0
290,TRA7_A5_Round_2_control_G2_TRE_tRNA_Pro_F.ab1,TRA2_I6_Round_2_control_H1_TRE_tRNA_Pro_F.ab1,2,6,219,0.333333333
291,TRA7_A7_Round_2_control_A3_TRE_tRNA_Pro_F.ab1,TRA2_I4_Round_2_control_F1_TRE_tRNA_Pro_F.ab1,14,185,193,0
292,TRA7_A8_Round_3_control_A3_TRE_tRNA_Pro_F.ab1,TRA3_C7_TRE_tRNA_Pro.ab1,1,7,195,0
293,TRA7_I1_round1control_H3_TRE_tRNA_Pro_F.ab1,76_Round_2_control_G12_TRE_tRNA_Pro_F.ab1,3,89,189,0
294,TRA7_I4_Round_3_control_B3_TRE_tRNA_Pro_F.ab1,P048492_TRE_tRNA_Pro.ab1,17,186,0,0
295,TRA7_I5_Round_3_control_C3_TRE_tRNA_Pro_F.ab1,TRA3_E10_Round_3_control_F2_TRE_tRNA_Pro_F.ab1,8,163,87,0
296,TRA7_I6_TRE_tRNA_Pro.ab1,TRA2_I3_round1control_F1_TRE_tRNA_Pro_F.ab1,2,57,220,0
297,TRA7_I6_TRE_tRNA_Pro.ab1,TRA3_E1_round1control_G1_TRE_tRNA_Pro_F.ab1,12,57,267,0.2
298,TRA7_I7_TRE_tRNA_Pro.ab1,P051980_TRE_tRNA_Pro.ab1,2,8,191,0.222222222
299,TRA7_I7_TRE_tRNA_Pro.ab1,TRA1_E7_TRE_tRNA_Pro.ab1,1,8,196,0
300,TRA8_A10_Round_3_control_A4_TRE_tRNA_Pro_F.ab1,TRA3_E6_Round_3_control_B2_TRE_tRNA_Pro_F.ab1,7,155,4,0.142857143
301,TRA8_A10_Round_3_control_A4_TRE_tRNA_Pro_F.ab1,TRA7_A10_TRE_tRNA_Pro.ab1,7,155,56,0.333333333
302,TRA8_A5_Round_3_control_E3_TRE_tRNA_Pro_F.ab1,P046478_TRE_tRNA_Pro.ab1,10,170,198,0.125
303,TRA8_A5_Round_3_control_E3_TRE_tRNA_Pro_F.ab1,TRA3_E7_Round_3_control_C2_TRE_tRNA_Pro_F.ab1,12,170,153,0
304,TRA8_A5_Round_3_control_E3_TRE_tRNA_Pro_F.ab1,TRA6_A1_round1control_E2_TRE_tRNA_Pro_F.ab1,11,170,169,0.2
305,TRA8_A6_Round_3_control_F3_TRE_tRNA_Pro_F.ab1,P046469_TRE_tRNA_Pro.ab1,2,58,217,0.666666667
306,TRA8_A6_Round_3_control_F3_TRE_tRNA_Pro_F.ab1,TRA3_E6_Round_3_control_B2_TRE_tRNA_Pro_F.ab1,2,58,4,0.307692308
307,TRA8_C10_round1control_F4_TRE_tRNA_Pro_F.ab1,TRA3_G1_Round_3_control_G2_TRE_tRNA_Pro_F.ab1,3,91,213,0
308,TRA8_C5_round1control_A4_TRE_tRNA_Pro_F.ab1,TRA2_I1_round1control_D1_TRE_tRNA_Pro_F.ab1,8,164,131,0.166666667
309,TRA8_C5_round1control_A4_TRE_tRNA_Pro_F.ab1,TRA3_E2_round1control_A2_TRE_tRNA_Pro_F.ab1,13,164,268,0.333333333
310,TRA8_C6_round1control_B4_TRE_tRNA_Pro_F.ab1,TRA2_G2_TRE_tRNA_Pro.ab1,3,90,3,0
311,TRA8_C7_round1control_C4_TRE_tRNA_Pro_F.ab1,TRA7_A5_Round_2_control_G2_TRE_tRNA_Pro_F.ab1,1,9,6,0
312,TRA8_C8_round1control_D4_TRE_tRNA_Pro_F.ab1,TRA2_G2_TRE_tRNA_Pro.ab1,5,134,3,0.111111111
313,TRA8_C9_round1control_E4_TRE_tRNA_Pro_F.ab1,P046478_TRE_tRNA_Pro.ab1,5,10,198,0.105263158
314,TRA8_C9_round1control_E4_TRE_tRNA_Pro_F.ab1,TRA7_G9_round1control_F3_TRE_tRNA_Pro_F.ab1,1,10,197,0
315,TRA8_E1_round1control_G4_TRE_tRNA_Pro_F.ab1,P046478_TRE_tRNA_Pro.ab1,1,11,198,0
316,TRA8_E1_round1control_G4_TRE_tRNA_Pro_F.ab1,TRA3_I3_round1control_D2_TRE_tRNA_Pro_F.ab1,8,11,162,0
317,TRA8_E10_Round_2_control_A4_TRE_tRNA_Pro_F.ab1,P046478_TRE_tRNA_Pro.ab1,7,60,198,0.142857143
318,TRA8_E10_Round_2_control_A4_TRE_tRNA_Pro_F.ab1,TRA2_E2_round1control_C1_TRE_tRNA_Pro_F.ab1,2,60,152,0.75
319,TRA8_E10_Round_2_control_A4_TRE_tRNA_Pro_F.ab1,TRA3_I3_round1control_D2_TRE_tRNA_Pro_F.ab1,8,60,162,0.222222222
320,TRA8_E2_round1control_H4_TRE_tRNA_Pro_F.ab1,TRA2_A6_Round_3_control_F1_TRE_tRNA_Pro_F.ab1,2,59,221,0.666666667
321,TRA8_E2_round1control_H4_TRE_tRNA_Pro_F.ab1,TRA3_I2_round1control_C2_TRE_tRNA_Pro_F.ab1,4,59,111,0.133333333
322,TRA8_E3_Round_2_control_D3_TRE_tRNA_Pro_F.ab1,50_Round_2_control_C12_TRE_tRNA_Pro_F.ab1,5,135,242,0.571428571
323,TRA8_E3_Round_2_control_D3_TRE_tRNA_Pro_F.ab1,P048615_TRE_tRNA_Pro.ab1,5,135,109,0.666666667
324,TRA8_E4_Round_2_control_E3_TRE_tRNA_Pro_F.ab1,TRA3_E10_Round_3_control_F2_TRE_tRNA_Pro_F.ab1,3,92,87,0
325,TRA8_E5_Round_2_control_F3_TRE_tRNA_Pro_F.ab1,TRA3_I2_round1control_C2_TRE_tRNA_Pro_F.ab1,12,178,111,0.235294118
326,TRA8_E5_Round_2_control_F3_TRE_tRNA_Pro_F.ab1,TRA8_C5_round1control_A4_TRE_tRNA_Pro_F.ab1,12,178,164,0.333333333
327,TRA8_E7_Round_3_control_B4_TRE_tRNA_Pro_F.ab1,TRA8_C9_round1control_E4_TRE_tRNA_Pro_F.ab1,1,12,10,0
328,TRA8_E9_Round_2_control_H3_TRE_tRNA_Pro_F.ab1,P046478_TRE_tRNA_Pro.ab1,14,174,198,0.111111111
329,TRA8_E9_Round_2_control_H3_TRE_tRNA_Pro_F.ab1,TRA3_I2_round1control_C2_TRE_tRNA_Pro_F.ab1,14,174,111,0
330,TRA8_E9_Round_2_control_H3_TRE_tRNA_Pro_F.ab1,TRA7_A4_round1control_D3_TRE_tRNA_Pro_F.ab1,11,174,263,0
331,TRA8_E9_Round_2_control_H3_TRE_tRNA_Pro_F.ab1,TRA8_A5_Round_3_control_E3_TRE_tRNA_Pro_F.ab1,14,174,170,0.142857143
332,TRA8_E9_Round_2_control_H3_TRE_tRNA_Pro_F.ab1,TRA8_C5_round1control_A4_TRE_tRNA_Pro_F.ab1,14,174,164,0.133333333
333,TRA8_G2_Round_3_control_C4_TRE_tRNA_Pro_F.ab1,P046478_TRE_tRNA_Pro.ab1,5,136,198,0.285714286
334,TRA8_G2_Round_3_control_C4_TRE_tRNA_Pro_F.ab1,TRA3_E5_Round_2_control_C2_TRE_tRNA_Pro_F.ab1,5,136,110,0.285714286
335,TRA8_G6_Round_2_control_E4_TRE_tRNA_Pro_F.ab1,76_Round_2_control_G12_TRE_tRNA_Pro_F.ab1,4,114,189,0.428571429
336,TRA8_G6_Round_2_control_E4_TRE_tRNA_Pro_F.ab1,TRA2_A1_Round_3_control_A1_TRE_tRNA_Pro_F.ab1,6,114,146,0.444444444
337,TRA8_I1_Round_2_control_F4_TRE_tRNA_Pro_F.ab1,55_Round_2_control_D12_TRE_tRNA_Pro_F.ab1,2,13,222,0
338,TRA8_I1_Round_2_control_F4_TRE_tRNA_Pro_F.ab1,TRA2_G2_TRE_tRNA_Pro.ab1,1,13,3,0
339,TRA8_I1_Round_2_control_F4_TRE_tRNA_Pro_F.ab1,TRA2_I6_Round_2_control_H1_TRE_tRNA_Pro_F.ab1,2,13,219,0.363636364
340,TRA8_I1_Round_2_control_F4_TRE_tRNA_Pro_F.ab1,TRA7_A3_round1control_C3_TRE_tRNA_Pro_F.ab1,1,13,88,0.2
341,TRA8_I1_Round_2_control_F4_TRE_tRNA_Pro_F.ab1,TRA7_A5_Round_2_control_G2_TRE_tRNA_Pro_F.ab1,1,13,6,0.266666667
342,TRA8_I2_Round_2_control_G4_TRE_tRNA_Pro_F.ab1,TRA2_G2_TRE_tRNA_Pro.ab1,1,14,3,0
343,TRA8_I2_Round_2_control_G4_TRE_tRNA_Pro_F.ab1,TRA2_I6_Round_2_control_H1_TRE_tRNA_Pro_F.ab1,2,14,219,0
344,TRA8_I3_Round_2_control_H4_TRE_tRNA_Pro_F.ab1,TRA7_I4_Round_3_control_B3_TRE_tRNA_Pro_F.ab1,1,15,186,0
345,TRA8_I6_Round_2_control_A5_TRE_tRNA_Pro_F.ab1,TRA2_G1_Round_2_control_E1_TRE_tRNA_Pro_F.ab1,13,16,2,0
346,TRA8_I6_Round_2_control_A5_TRE_tRNA_Pro_F.ab1,TRA3_E7_Round_3_control_C2_TRE_tRNA_Pro_F.ab1,12,16,153,0
347,TRA8_I6_Round_2_control_A5_TRE_tRNA_Pro_F.ab1,TRA8_E6_Round_2_control_G3_TRE_tRNA_Pro_F.ab1,1,16,199,0
348,TRA8_I7_Round_2_control_B5_TRE_tRNA_Pro_F.ab1,TRA2_A2_Round_3_control_B1_TRE_tRNA_Pro_F.ab1,12,179,208,0
349,TRA8_I8_Round_3_control_F4_TRE_tRNA_Pro_F.ab1,63_Round_2_control_E12_TRE_tRNA_Pro_F.ab1,1,17,200,0
350,TRA8_I8_Round_3_control_F4_TRE_tRNA_Pro_F.ab1,P049254_TRE_tRNA_Pro.ab1,1,17,201,0
351,TRA9_A10_Round_2_control_D5_TRE_tRNA_Pro_F.ab1,TRA1_A1_Round_2_control_A1_TRE_tRNA_Pro_F.ab1,4,115,224,0.4
352,TRA9_A2_round1control_B5_TRE_tRNA_Pro_F.ab1,TRA7_I6_TRE_tRNA_Pro.ab1,3,93,57,0.181818182
353,TRA9_A2_round1control_B5_TRE_tRNA_Pro_F.ab1,TRA7_I8_TRE_tRNA_Pro.ab1,3,93,233,0
354,TRA9_A3_round1control_C5_TRE_tRNA_Pro_F.ab1,P048495_TRE_tRNA_Pro.ab1,8,18,259,0.25
355,TRA9_A3_round1control_C5_TRE_tRNA_Pro_F.ab1,TRA2_G2_TRE_tRNA_Pro.ab1,1,18,3,0.19047619
356,TRA9_A3_round1control_C5_TRE_tRNA_Pro_F.ab1,TRA7_A5_Round_2_control_G2_TRE_tRNA_Pro_F.ab1,1,18,6,0
357,TRA9_A4_round1control_D5_TRE_tRNA_Pro_F.ab1,50_Round_2_control_C12_TRE_tRNA_Pro_F.ab1,11,19,242,0
358,TRA9_A4_round1control_D5_TRE_tRNA_Pro_F.ab1,TRA7_I2_Round_2_control_B3_TRE_tRNA_Pro_F.ab1,1,19,202,0
359,TRA9_A6_round1control_F5_TRE_tRNA_Pro_F.ab1,81_Round_2_control_H12_TRE_tRNA_Pro_F.ab1,9,156,260,0.25
360,TRA9_A6_round1control_F5_TRE_tRNA_Pro_F.ab1,TRA2_E2_round1control_C1_TRE_tRNA_Pro_F.ab1,7,156,152,0.2
361,TRA9_A6_round1control_F5_TRE_tRNA_Pro_F.ab1,TRA8_E10_Round_2_control_A4_TRE_tRNA_Pro_F.ab1,7,156,60,0.2
362,TRA9_A6_round1control_F5_TRE_tRNA_Pro_F.ab1,TRA8_E9_Round_2_control_H3_TRE_tRNA_Pro_F.ab1,14,156,174,0.142857143
363,TRA9_A7_round1control_G5_TRE_tRNA_Pro_F.ab1,TRA8_I4_Round_3_control_E4_TRE_tRNA_Pro_F.ab1,6,147,255,0
364,TRA9_A8_round1control_H5_TRE_tRNA_Pro_F.ab1,TRA7_A8_Round_3_control_A3_TRE_tRNA_Pro_F.ab1,2,61,7,0.333333333
365,TRA9_A9_Round_2_control_C5_TRE_tRNA_Pro_F.ab1,TRA3_E6_Round_3_control_B2_TRE_tRNA_Pro_F.ab1,1,20,4,0
366,TRA9_C1_Round_2_control_E5_TRE_tRNA_Pro_F.ab1,TRA2_G2_TRE_tRNA_Pro.ab1,4,116,3,0.095238095
367,TRA9_C2_Round_2_control_F5_TRE_tRNA_Pro_F.ab1,73_Round_2_control_F12_TRE_tRNA_Pro_F.ab1,1,21,203,0
368,TRA9_C2_Round_2_control_F5_TRE_tRNA_Pro_F.ab1,TRA2_E6_TRE_tRNA_Pro.ab1,2,21,223,0
369,TRA9_C2_Round_2_control_F5_TRE_tRNA_Pro_F.ab1,TRA8_C9_round1control_E4_TRE_tRNA_Pro_F.ab1,3,21,10,0
370,TRA9_C4_Round_2_control_H5_TRE_tRNA_Pro_F.ab1,TRA9_A7_round1control_G5_TRE_tRNA_Pro_F.ab1,6,148,147,0
371,TRA9_C5_Round_2_control_A6_TRE_tRNA_Pro_F.ab1,TRA7_I7_TRE_tRNA_Pro.ab1,2,62,8,0
372,TRA9_C6_Round_2_control_B6_TRE_tRNA_Pro_F.ab1,TRA1_A6_TRE_tRNA_Pro.ab1,1,22,204,0
373,TRA9_C6_Round_2_control_B6_TRE_tRNA_Pro_F.ab1,TRA2_I1_round1control_D1_TRE_tRNA_Pro_F.ab1,5,22,131,0
374,TRA9_C8_Round_3_control_G4_TRE_tRNA_Pro_F.ab1,TRA8_A5_Round_3_control_E3_TRE_tRNA_Pro_F.ab1,7,157,170,0
375,TRA9_C9_Round_3_control_H4_TRE_tRNA_Pro_F.ab1,76_Round_2_control_G12_TRE_tRNA_Pro_F.ab1,9,166,189,0.166666667
376,TRA9_E2_Round_3_control_C5_TRE_tRNA_Pro_F.ab1,TRA2_G2_TRE_tRNA_Pro.ab1,2,63,3,0.111111111
377,TRA9_E2_Round_3_control_C5_TRE_tRNA_Pro_F.ab1,TRA8_C8_round1control_D4_TRE_tRNA_Pro_F.ab1,5,63,134,0.5
378,TRA9_E3_Round_3_control_D5_TRE_tRNA_Pro_F.ab1,P051980_TRE_tRNA_Pro.ab1,1,23,191,0.285714286
379,TRA9_E3_Round_3_control_D5_TRE_tRNA_Pro_F.ab1,TRA7_I7_TRE_tRNA_Pro.ab1,2,23,8,0.333333333
